,Acq Status,Acquirer,Acquired,Completion Time,Student,Headline
6,Not sure,Entuboca.com,Nevera Roja,29.711000000000002,0,La Nevera Roja compra Entuboca.com
8,Yes,Level 3,Global Crossing,22.739999999999995,0,Level 3 To Acquire Global Crossing For $3 Billion In Stock
12,Yes,Sugar Publishing,ShopStyle,11.799999999999999,0,Sugar Publishing Acquires ShopStyle
14,Not sure,Invitel,Fibernet,19.767000000000003,0,Invitel Reaches Sale and purchase Agreement for Fibernet
15,Yes,Kratos Defense & Security Solution,"Digital Fusion, Inc.",14.47,0,"Kratos Defense & Security Solutions Completes Merger With Digital Fusion, Inc."
18,Yes,Facebook,FriendFeed,10.269,0,3 Key Reasons Facebook Bought FriendFeed
19,Yes,Cascade Microtech,,11.98,0,Cascade Microtech Pays $27.7 Million for German Company
23,Yes,Axial,Mayo Clinic mobile health startup mRemedy,19.873,0,Axial acquires Mayo Clinic mobile health startup mRemedy
29,Not sure,,,9.496,0,Allscripts HIMSS Press Release
30,Not sure,Oomba Inc.,MZ Group,15.614,0,Oomba Inc. Engages MZ Group for Investor Relations
31,Not sure,,,10.850000000000001,0,"Trendrr Appoints Alex Mann, Founder of AM Analytics, its Director"
40,Yes,Wright Medical,,8.756,0,Wright Medical to buy French firm for $75 million
43,Yes,Patrick Ip,Post + Beam,9.55,0,"Patrick Ip, 22 Year Old CEO, Merges with NYC's Post + Beam"
44,Not sure,Syncables,Intel,31.504,0,Syncables to Demonstrate Wireless Syncing of Computers and Phones with Syncables® 360 and Intel® My WiFi Technology at Computex
45,Yes,Danoo ,Ideacast,8.904,0,Danoo and Ideacast to relaunch as RMG Networks
47,No,Pipeline,,21.576,0,"Pipeline embraces expression, expansion at Innovator of the Year"
48,Yes,Adelman Travel ,TravelText,9.777999999999999,0,Adelman Travel Announces Partnership with TravelText
52,No,Crosslink,,15.826999999999998,0,Crosslink Names Former Bay Partners GP Eric Chin As Partner
53,Not sure,,,2.7810000000000024,0,"Internet Brands Buys Two Web Sites, Looks To Future Acquisitions"
55,Yes,Intel Corp,Ford Microelectronics Inc,21.544999999999998,0,Intel Corp acquires Ford Microelectronics Inc from Visteon Corp
56,No,,,17.195999999999998,0,Monroe Capital Provides $14 Million Senior Secured Credit Facility to Technology Services Company
57,Not sure,Visumotion,,27.947000000000003,0,Visumotion Changes Name to 3D International Group
61,Not sure,RedAlumnos,,10.001999999999999,0,RedAlumnos supera los 50.000 usuarios
66,No,,,14.445000000000002,0,Tasit receives $2M from Aslanoba Capital
67,Not sure,Alacurity,,10.061,0,InQvent-backed healthcare services firm Alacurity eyes up to $5M in Series A funding
69,Not sure,Stemgent,,18.503,0,Stemgent to buy Asterand�s human tissue biz for $9M
72,Not a headline,,,4.616999999999999,0,"The View Hot Topics - Ashley Madison, Cheating and Infidelity Web site"
75,Yes,Intel,,30.682999999999996,0,Intel Again Seeks To Use Acquisitions To Expand In Wireless
81,Not sure,TCA,Angel Capital Association,18.125,0,TCA's Ralph Mayer Joins Angel Capital Association Board
83,Not a headline,,,8.649000000000001,0,Pitchengine Social Media Release
84,No,Tri Pointe,Weyerhaeuser,15.221999999999998,0,Tri Pointe to buy Weyerhaeuser's homebuilding unit for $2.7 bln
89,Yes,American CyberSystems,Analysts International,10.882,0,American CyberSystems to Buy Analysts International for $35 Million
94,Yes,Sabre Holdings,EB2 International,9.768,0,Sabre Holdings Buys EB2 International
95,Not a headline,,,4.840999999999999,0,myOpenID Affiliate Blog Post
96,No,,,9.252,0,"Amazon buys screen tech from Samsung, introduces its own currency"
100,Yes,AOL,Socialthing,15.258,0,"Suddenly, AOL Loves Lifestreaming; Buys Socialthing!"
101,Yes,Nuance,Webmedx,9.903,0,Nuance buys Atlanta's Webmedx
102,Yes,,Viamente,5.445999999999999,0,US company likes Italian software and buys Viamente
106,No,,,4.372,0,D.C. entrepreneur takes majority stake in Tech 2000
110,Yes,Nokia,OZ Communications,13.731,0,Nokia to acquire leading consumer email and instant messaging provider OZ Communications
111,Yes,Nstein Technologies,Eurocortex,10.274999999999999,0,"Nstein Technologies acquires Eurocortex, a leading web content management software provider"
118,Yes,Intuit,,19.018,0,We are joining Intuit!
121,No,,,18.391,0,"Theravent (TM) Advanced Nightly Snore Therapy and Provent (R) Sleep Apnea Therapy Now Available Through Theravent, Inc."
125,No,,,3.6259999999999994,0,Midas Medici's CIMCORP Wins $3 Million Contract for Data Center Solutions in Brazil
134,Yes,NetTravel,Invia,35.15,0,MCI's Invia Reaches Purchase Deal for NetTravel
136,Yes,JPMorgan,Xspand,23.654,0,Xspand was acquired by Bear Stearns and is now part of JPMorgan
140,No,,,2.7560000000000002,0,Taulia Raises $8.5 Million To Help Companies Pay Their Invoices Early
144,No,,,3.3529999999999998,0,"Speakertext: Find, Read, Share – and Monetize – What People Are Saying Inside of Videos"
145,No,,,6.694,0,KeyToSound website front page news
146,Yes,Rentrak,Nielsen EDI,12.85,0,"Rentrak buys Nielsen EDI, consolidating box office reporting business"
147,Yes,Cvent,Seed Labs,19.553,0,Event Management Giant Cvent Scoops Up Seed Labs To Help It Go Mobile
149,Not sure,Enterprise Ireland,Clavis ,19.837999999999997,0,Clavis Secures Funding from Enterprise Ireland
159,Not sure,SYNETY,,6.709,0,SYNETY eyes global expansion with proposed reverse AIM listing
161,Yes,K5 Publishing,Diplomica Verlag,12.120999999999999,0,K5 Publishing integrates Diplomica Verlag
162,No,,,11.026,0,OUCH: AOL Sold Buy.at For Just $17 Million -- A $108 Million Loss
163,Yes,Gimv ,CapMan Investments,12.032000000000002,0,Gimv Buys CapMan Investments and Commitments
164,No,,,5.053000000000001,0,Nowaco CE Up for Sale by CCMP and Bancroft
166,Yes,Planet Out ,Here Network,17.954,0,Struggling Planet Out Merges with Here Network
169,Not sure,,,4.479000000000001,0,One Two Trade Forex
171,Yes,,Sex.com,5.503,0,So You Just Bought Sex.com For $13 Million – Now What?
173,Not a headline,,,7.963000000000001,0,Learn Arabic on busuu.com
177,Yes,RedPrairie,Shippers Commonwealth,14.459,0,"RedPrairie Acquires Shippers Commonwealth, Leading SaaS Transportation Management System (TMS) Provider"
178,Yes,ThingLink,Pixboom,21.494,0,ThingLink Acqu-hires Pixboom To Double Down On Fashion
185,Yes,,Secure & IT,9.825000000000001,0,Secure & IT acquired in 2010
187,No,,,3.184000000000001,0,GirlsInTech Pick Their Top 100 Women In Tech In Europe
188,Not sure,Telefonica,Tuenti,9.533999999999999,0,'Telefonica confirms Tuenti stake acquisition'
193,No,,,6.914999999999999,0,eStreet.com.ng Combats Nigerian Cyber-Fraud by Unveiling Africa�s First Social Earning Enterprise.
194,Yes,Intel,Trinigy,11.155,0,Intel’s Havok Acquires 3D Game Engine Provider Trinigy
199,No,,,2.9430000000000005,0,San Diego�s Vibrant Startup Community Shows Up For A Night Of Stellar Pitches
200,No,,,3.6629999999999994,0,Tetra Tech Awarded $31 Million U.S. Navy Information Technology Support Contract
201,Yes,SINA,Focus Media,13.094000000000001,0,Chinese Portal Company SINA Buys Part of Focus Media For About $1B in Stock
203,Yes,Electronic Arts,PlayNation,12.924,0,Electronic Arts Announces Acquisition of PlayNation; Online Entertainment Developer Adds to EA's Internet Content.
205,Yes,CDC Software,WKD Solutions,9.494999999999997,0,CDC Software aquires WKD Solutions
206,Yes,Hologic,Gen-Probe,9.087000000000002,0,Hologic to buy Gen-Probe in a deal worth $3.7B
211,No,,,2.45,0,Synageva lands orphan drug status in Europe
216,Yes,8x8,"Central Host, Inc.",8.495,0,"8x8 Announces Acquisition of Central Host, Inc."
217,Yes,HealthCentral Network ,TheBody.com,9.791,0,HealthCentral Network Acquires HIV Resources Site TheBody.com
218,Yes,80108,Go2,8.939,0,80108 and Go2 merge to focus on personal mobile content
232,Not sure,Microsoft,CodeTw,20.316000000000003,0,CodeTwo Attains Microsoft Certified Partner Status
238,Not sure,,,10.411,0,"Carpathia Hosting Names Michael Fox Director of Sales, Public Sector"
240,No,,,2.221,0,Mortgage closing costs up 6% this year
246,Yes,Joyus,Foodzie,11.933000000000002,0,Food Subscription Service Foodzie Gets Gobbled Up By Video Shopping Network Joyus
249,Yes,Webroot,BrightCloud,11.901,0,Webroot Acquires Hosted Internet Security Services Provider BrightCloud
252,No,,,2.7989999999999995,0,Petsky Prunier Advises SQAD on its Sale to Clarion Capital Partners
259,Yes,Biomedical Structures, Concordia,12.294,0,Biomedical Structures buys fellow Warwick biomaterial firm Concordia
260,Yes,Ellie Mae,Mavent,11.823,0,Mavent Acquired By Ellie Mae
261,Not sure,PMC-Sierra,Wintegra,20.278,0,Onetime IPO Candidate Wintegra Bought By PMC-Sierra
262,Yes,Daiichi Sankyo Group,Plexxikon Inc.,12.234,0,Plexxikon Inc. To Join Daiichi Sankyo Group
264,No,,,2.49,0,3 Rules You Must Follow If You Want Your Company to Be Exceptional
266,Yes,RBC ,BlueBay,10.225999999999999,0,RBC To Buy BlueBay For US$1.5B
275,Not sure,Vuclip,,36.772,0,"In The Shadow Of YouTube, Vuclip Grows Its Mobile Video Network To 80M Uniques, Fends Off Suitors And Eyes Up Acquisitions"
278,Not sure,AeroMechanical Services Ltd. ,Wingspeed Corporation,23.648,0,AeroMechanical Services Ltd. Acquires Assets of Wingspeed Corporation
281,Yes,Tecomet,OEM,10.786999999999999,0,Tecomet pays $45M in cash for OEM biz
283,Yes,,Civica,5.8100000000000005,0,Canadian private equity group buys Civica for �380 million
285,Not sure,Infotech Enterprises,,13.349,0,Infotech Enterprises announces its foray into the Hitech industry with Design services
290,Yes,Peak Rock,Atlas Paper,9.626999999999999,0,Peak Rock Buys Atlas Paper
291,Yes,Flipkart,Letsbuy.com,14.101,0,Flipkart Acquires Letsbuy.com to Increase India Market Share
292,Yes,ZeniMax,Id Software,12.334999999999999,0,ZeniMax Raised $105 Million To Buy Id Software
295,Yes,Nestle,,7.652000000000001,0,Nestle Buys 'Medical Food' Start-Up
297,Yes,Global Payments Inc.,Auctionpay,10.76,0,Auctionpay Acquired by Global Payments Inc.
301,Yes,Line Systems,Magellan Hill Technologies,10.333,0,Line Systems Acquires Magellan Hill Technologies
302,Not sure,Westaim,NUCRYST Pharmaceuticals,12.725999999999999,0,Westaim Announces Amalgamation Agreement with NUCRYST Pharmaceuticals
303,Yes,GEC,Fore Systems,9.597999999999999,0,GEC offers over $4 billion for Fore Systems
305,Not a headline,,,5.681,0,Values of n Blog
306,Not sure,Dell,Zing,18.995,0,Dell Shops Direct For Zing
322,Yes,SheKnows.com,,6.022,0,SheKnows.com Buys Two Pregnancy Sites
323,Not sure,Plum Creek,Atlanta,15.267000000000001,0,Plum Creek buys Atlanta quarry interest for $154M
324,Yes,Facebook ,Chai Labs,12.251000000000001,0,"Facebook Makes Another ""Acq-Hire"" Chai Labs; Deal Estimated At $10 Million"
332,Yes,Terremark,,8.431999999999999,0,Terremark Acquires Leading Data Storage Company
333,Yes,SCM Microsystems,Hirsch Electronics,12.827,0,SCM Microsystems and Hirsch Electronics to Merge
334,No,,,3.8729999999999993,0,"Web 2.0 Finance Startup, Stockopedia raises over $700,000 in bid to transform online UK financial media - See more at: http://www.stockopedia.c"
335,No,,,12.456,0,Amazon spends $250M for Alexa Internet
344,Not sure,"NeuroDyne Medical, Corp.",Zynex,15.065000000000001,0,"Zynex Enters into Letter of Intent with NeuroDyne Medical, Corp."
351,No,,,6.828999999999999,0,RuTube Founders Exit at $15 Million Valuation
354,Not sure,,,3.248,0,Netural holt sich Mark Kramer
367,No,,,2.7840000000000007,0,Honored by the Windows Azure Partner Award of 2010
368,Not sure,Teradata,xkoto,16.368,0,Teradata Quiet on Plans for Database Virtualization Vendor xkoto
373,Not sure,Komli Media,,10.291999999999998,0,Komli Media Expands Aggressively Across Asia-Pacific
382,Yes,Iliad,LibertySurf Group,13.226999999999999,0,Telecom Italia Completes Sale of LibertySurf Group to Iliad
385,No,,,6.505999999999999,0,Comtech and CPI International Announce Termination of Merger Agreement
387,Yes,Mobile Messenger,mQub,10.456999999999999,0,Verisign Sells mQube to Mobile Messenger for
390,Not sure,Sina Afra,Lidyana,9.967,0,Sina Afra invests in Lidyana
393,Yes,"Tangoe, Inc. ",ttMobiles,9.327,0,"Tangoe, Inc. Acquires ttMobiles"
395,Yes,,Talecris,8.052,0,Spanish buyer set to take over Talecris
399,Yes,Danoo,Ideacast,10.972,0,Danoo and Ideacast to relaunch as RMG Networks
400,Yes,Sunrise Group,Better Place,20.483,1,Better Place Sold To Sunrise Group For $12 Million
401,No,,,11.058,1,Action App Corporation (OTC: ANDI) Buys Another iPhone App Developer
403,No,,,3.7889999999999997,1,"Rent My Vacation Home ( RMVH network)Opens Rent Disney World Vacation Homes in Orlando, Florida"
407,No,,,3.5220000000000002,1,Verify.IM Announced The Opening Pre-Registration Period
410,Yes,TweetUp,Twitroid and News Aggregaror Popurls,33.731,1,TweetUp Buys Android Twitter Client Twidroid And News Aggregator Popurls
412,Yes,Sugar Publishing,ShopStyle,17.901,1,Sugar Publishing Acquires ShopStyle
414,Yes,Invitel,Fibernet,9.391,1,Invitel Reaches Sale and purchase Agreement for Fibernet
418,Yes,Facebook,Friendfeed,13.118,1,3 Key Reasons Facebook Bought FriendFeed
420,No,,,5.775,1,Good Energies Buys More Equity In Glass Maker SAGE
422,Yes,Synnex,BPO services,14.99,1,Synnex buys IBM's customer care BPO services business for $505 million
423,Yes,Axial,mRemedy,19.341,1,Axial acquires Mayo Clinic mobile health startup mRemedy
424,Yes,Bentley,Microprotol,17.752,1,Bentley Acquires Microprotol to Extend AutoPIPE�s Market Leadership in High-pressure Plant Environments
428,No,,,3.9160000000000004,1,FMC Technologies Awarded $36 Million Contract From Pemex
433,Yes,MobileBits,Axium Tec A.G.,14.894,1,MobileBits Aquires Aixum Tec A.G.
438,Yes,Nuance Communications,Quadramed's Health Information Management Business,29.569,1,Nuance Communications To Buy QuadraMed's Health Information Management Business
440,Yes,Wright Medical,French firm,15.326,1,Wright Medical to buy French firm for $75 million
451,Yes,Google,Motorola,10.573,1,Google Closes The $12.5 Billion Deal To Own Motorola
455,Yes,Intel Corp,Ford Microelectronics,37.042,1,Intel Corp acquires Ford Microelectronics Inc from Visteon Corp
458,No,,,3.037,1,[x+1] Names Bridget Bidlack as Vice President of Product Management
471,Yes,J&J,Crucell,13.49,1,Crucell eagerly accepts $2.3B buyout offer from J&J
472,Not a headline,,,3.2119999999999997,1,"The View Hot Topics - Ashley Madison, Cheating and Infidelity Web site"
476,No,,,1.718,1,Family-Focused Mobile Social Network 23snaps Hits Half A Million Users
477,Not sure,Entelos,Iconix Biosciences,14.125999999999998,1,Entelos pays up to $39M for Iconix Biosciences
479,No,,,2.1849999999999996,1,Mitre Media Announces $8.6M Capital Raise and Acquisitions
485,Yes,RightStar Systems,Progressive Service Management,21.916999999999998,1,RightStar Systems Acquires Fellow BMC Software Solution Provider Progressive Service Management
490,Yes,Thermo Fisher Scientific,picoSpin,28.593,1,"Thermo Fisher Scientific Signs Agreement to Acquire Innovator in Miniature NMR Spectrometers, picoSpin"
492,Yes,Imeem,Anywhere.FM,9.93,1,"Imeem Gobbles Up A Young Startup, Anywhere.FM"
493,No,,,2.0949999999999998,1,"Salesforce.com Takes $300M Loan For ExactTarget Acquisition, Cash Resources Getting Tight"
498,No,,,11.173,1,"With FDA Approval In Hand, Asthmatx To Sell For Up To $443.5M"
503,Yes,Collective,Video Ad Firm Web TV Enterprise,21.976,1,Collective Buying Video Ad Firm Web TV Enterprise
504,No,,,1.6090000000000004,1,Ambitious plan for the Year 2005 and solid business performance in the Year 2004
509,Not sure,Rackspace,Slicehost,12.579,1,Big news - Rackspace and Slicehost
512,No,,,1.7030000000000003,1,Saft Awarded $1.2 Million Contract by Ball Aerospace to Provide Lithium-ion Battery for LEO Satellite Program
517,Yes,InnerWorkings,UK- Based etrinsic Print Outsource Firm,31.562,1,InnerWorkings Acquires UK-Based etrinsic Print Outsource Firm
522,Yes,Mascoma,SunOpta BioProcess Inc.,15.643,1,Mascoma Acquires SunOpta BioProcess Inc.
523,No,,,2.5709999999999997,1,Vacation Home Spring of 2013
525,No,,,2.6780000000000004,1,Midas Medici's CIMCORP Wins $3 Million Contract for Data Center Solutions in Brazil
527,Yes,Transcend Infrastructure (American Tower),Essar Telecom Infrastructure,36.714000000000006,1,Transcend Infrastructure (American Tower) to acquire Essar Telecom Infrastructure
531,No,,,1.8570000000000002,1,Amazon spends $250M for Alexa Internet
533,No,,,2.009,1,Pfizer ups ante on Santaris RNA discovery deal with $614M pact
538,Not a headline,,,8.09,1,Meredith 10-q for Dec 2010
542,Yes,SAIC,Atlan,6.7330000000000005,1,SAIC announces acquisition of Atlan
545,Not a headline,,,3.5170000000000003,1,KeyToSound website front page news
557,No,,,2.3100000000000005,1,A NEW QUALITY FACTOR: FINDING ALPHA  WITH ASSET4 ESG DATA
558,No,,,1.8559999999999994,1,"LiveIntent Adds Jason Pressman to Board, Raises $8 millon"
560,Yes,Yahoo,Lexity,8.04,1,"Yahoo Acquires Lexity, Will Keep Ecommerce App Platform Running But Rebrand It"
562,No,,,8.948,1,OUCH: AOL Sold Buy.at For Just $17 Million -- A $108 Million Loss
563,Yes,Gimv,CapMan Investments,14.344,1,Gimv Buys CapMan Investments and Commitments
568,No,,,1.7670000000000012,1,DFL-DDP Version 1.2 Is Coming Available In Our User-Only Forum
569,Not a headline,,,4.5280000000000005,1,One Two Trade Forex
576,No,,,1.8640000000000003,1,TXTImpact Released Enhanced SMS Autoresponder for Text Message Marketing
579,Yes,Startup ,eNom,12.966000000000001,1,Startup Acquires Web Host eNom
583,No,,,2.3200000000000003,1,We’ll be providing certified digital IDs to French citizens with group La Poste
589,No,,,9.592,1,One year after the acquisition: was it all worth it?
590,Yes,Diller's IAC ,Zero Degrees,14.05,1,Diller's IAC buys social network site Zero Degrees
592,Yes,oneQube SmartStream,TweetChat,23.765,1,Say Goodbye to TweetChat� It�s Being Absorbed Into oneQube SmartStream
598,No,,,1.9190000000000005,1,Software Updates Can't Slow Comm100 Live Chat
602,Yes,WANdisco,AltoStor,10.193999999999999,1,Big Data Consolidation: WANdisco Buys AltoStor For $5.1M To Beef Up Its Apache Hadoop Cred
615,Yes,Ebay,BillMeLater and DBA.dk,18.87,1,"Ebay Spends More Than $1.2 Billion To Buy BillMeLater And DBA.dk, And Lays Off 10% Of Employees"
619,No,,,3.289,1,"Liberty Global Buys 100% equity in ASTER, from Mid Europa"
623,No,,,3.7550000000000003,1,"Daren Bitter - Director of Sales, Blink Consulting"
626,Yes,Linux Foundation,Tuxera,16.395000000000003,1,Tuxera Joins Linux Foundation
627,No,,,1.9329999999999998,1,Appear Wins “Groundbreaking Technology Award” at Global AirRail Awards 2011
630,Yes,'@WalmartLabs,OneOps and Tasty Labs,19.756,1,@WalmartLabs Acquires Cloud Computing Startup OneOps & Delicious Founder�s Tasty Labs
635,No,,,3.718,1,Cloud computing heats up as SourceFire pays $21M for Immunet
642,Yes,Itron,Asais,6.295,1,Smart Grid Shopping: Itron Acquires Asais
646,Yes,Joyus,Foodzie,16.687,1,Food Subscription Service Foodzie Gets Gobbled Up By Video Shopping Network Joyus
650,No,,,1.9540000000000002,1,Facebook selects us as the firs PDC in Latin America
651,Yes,RelevantView,Imperium,11.925,1,RelevantView Merges with Imperium
653,Not sure,Danoo,Ideacast,20.828000000000003,1,Danoo and Ideacast to relaunch as RMG Networks
654,Not a headline,,,4.709,1,Keep Your Little Ghosts & Goblins Safe From Ghouls This Halloween
656,Yes,Thomson Reuters,Sabrix,10.161,1,Thomson Reuters to Acquire Sabrix
658,Yes,Alibaba Group,Kanbox,11.418999999999999,1,"Alibaba Group Acquires Kanbox, A Personal Cloud Storage Service"
661,No,,,2.6580000000000004,1,Onetime IPO Candidate Wintegra Bought By PMC-Sierra
665,Yes,Gehry Technologies,Bimshare,13.488000000000001,1,Gehry Technologies Acquires Bimshare
667,Yes,37signals ,Ember,12.354,1,37signals Buys Campfire iPhone App Ember
672,No,,,3.1529999999999996,1,ServerCentral Completes Sale of WingSix Brand to UK-2 Group
676,Yes,Cascade Microtech,German Company,18.5,1,Cascade Microtech Pays $27.7 Million for German Company
683,No,,,2.187,1,Canadian private equity group buys Civica for �380 million
685,No,,,2.4779999999999998,1,Infotech Enterprises announces its foray into the Hitech industry with Design services
687,Yes,Pearson and Apple,PowerSchool,15.944,1,Pearson and Apple Acquire PowerSchool
688,Yes,PureSafety,"Unique Software Solutions, Inc.",25.131999999999998,1,"PureSafety Acquires Unique Software Solutions, Inc."
689,Yes,IQE,Galaxy Semiconductors,17.659,1,IQE acquires Galaxy Semiconductors
693,Not sure,,,7.9479999999999995,1,Construction sector organizations in 100 percent ownership Tilaajavastuu Finland O
696,Yes,RentPayment,Property Bridge,15.203,1,RentPayment to Buy Property Bridge
700,Yes,Shopify,Jet Cooper,13.149,1,Shopify Aquires Jet Cooper
702,Yes,Westaim,NUCRYST Pharmaceuticals,20.803,1,Westaim Announces Amalgamation Agreement with NUCRYST Pharmaceuticals
707,No,,,4.37,1,Rackspace Joins Open Invention Network as Licensee
708,No,,,3.3309999999999995,1,Viki Signs Deal with Universal Music Group
710,Yes,Baidu,Renren's Group,14.794,1,Baidu to Buy 59% of Renren�s Group-buying Service Nuomi for $160 million
711,Yes,Experian,CheetahMail,10.152,1,"Experian Buys CheetahMail, Aims to Boost DM Services"
714,Yes,Kronos,Stormberg,11.957,1,Kronos® Acquires Stromberg from Paychex
715,Not a headline,,,5.068999999999999,1,This is what developing for Android looks like
718,Yes,Genband,Fring,20.435,1,"Fring, An Early Mover In Mobile Messaging And Video Apps, Sells For $50M To Genband To Build Out WhatsApps For Carriers"
722,Yes,SheKnows.com,Two Pregnancy Sites,13.173000000000002,1,SheKnows.com Buys Two Pregnancy Sites
723,Yes,Plum Creek,Atlanta quarry,13.908,1,Plum Creek buys Atlanta quarry interest for $154M
724,No,,,8.209000000000001,1,"Facebook Makes Another ""Acq-Hire"" Chai Labs; Deal Estimated At $10 Million"
729,No,,,2.349,1,140 Proof Social Advertising Product Launch
730,Yes,Clicker,www.dahoodbuzz.com,20.999000000000002,1,Clicker Acquires - www.dahoodbuzz.com
734,No,,,4.829,1,"Web 2.0 Finance Startup, Stockopedia raises over $700,000 in bid to transform online UK financial media - See more at: http://www.stockopedia.c"
740,No,,,3.604,1,Are Slatecast’s Online Storyboard Tools Any Good?
743,Not sure,,,5.171,1,Athenahealth to pay up to $30M for Georgia firm
745,No,,,7.006,1,Canadian Meter Company Picks Field Service 360
749,No,,,3.0310000000000006,1,SVASE Unveils the ‘Hot’ Emerging Tech Companies to Debut at Launch: Silicon Valley 2010 — the Valley’s Leading Startup Showcase
750,Yes,Ascent Media Corporation,Monitronics,15.056000000000001,1,Ascent Media Corporation Acquires Monitronics
751,No,,,1.833,1,RuTube Founders Exit at $15 Million Valuation
752,No,,,2.463,1,UBM Boost Online PR Business With $10 Million Virtual Press Office Acquisition
753,Yes,Apkudo,Blue Potato,10.412,1,Apkudo Acquires Blue Potato
754,No,,,3.3939999999999997,1,Netural holt sich Mark Kramer
755,Yes,Cisco Systems,"Andiamo Systems, Inc.",23.269000000000002,1,"Cisco Systems Announces Agreement to Acquire Andiamo Systems, Inc."
756,No,,,2.6780000000000004,1,"Goodbye, Cull TV. Hello MOX."
757,Yes,Freeman ,Encore Productions,13.83,1,Freeman Acquires Encore Productions
758,No,,,2.652,1,Telenor snaps up Tele2's fibre broadband business for �88m
762,No,,,2.405,1,"LineRate Systems� Software Defined Network Services Redefine Performance, Flexibility and Cost for Cloud and Web Scale Service Providers.  Photobucket deploys LineRate Proxy to Scale On Demand While Slashing Costs"
763,Yes,Complex Media,SuperGlued,13.085999999999999,1,Complex Media Acquires SuperGlued
766,Yes,VMware,B-hive,11.993,1,VMware Buys B-hive for Performance Scans
767,No,,,3.942,1,Honored by the Windows Azure Partner Award of 2010
768,No,,,2.7449999999999997,1,Teradata Quiet on Plans for Database Virtualization Vendor xkoto
769,Yes,PacWest Bancorp ,CapitalSource,17.019000000000002,1,PacWest Bancorp to buy CapitalSource for $2.29 billion
774,Yes,Synnex,BPO services,12.768,1,Synnex buys IBM's customer care BPO services business for $505 million
778,Yes,Salesforce,Golnstant,13.021999999999998,1,Salesforce reported to buy GoInstant for $70m
788,No,,,2.671,1,Tampa Bay's Plan to Start
791,Yes,Texas Investors Highlander,Proservice Poland,27.218,1,Texas Investors Highlander Buys ProService Poland from Enterprise Investors Co
796,No,,,3.4849999999999994,1,Investcorp Buys 30% Stake In Leading Turkish Menswear Retailer Orka Group
798,No,,,2.4939999999999998,1,Yellow Media Sells Vertical Media Publishing Subsidiary For $745 Million In Cash
802,No,,,94.576,2,Docmail Connect for Google Apps launched!
804,No,,,75.692,2,Entech Solar Enters Into Preferred Stock Agreement of Up to $5 million
805,Yes,Qiagen,Corbett Life Science,27.412000000000003,2,Qiagen to pay up to $135M for Corbett Life Science.
809,Yes,KEYON,DYNAMIC BROADBAND WIRELESS ASSETS,8.202000000000002,2,KEYON COMPLETES PURCHASE OF DYNAMIC BROADBAND WIRELESS ASSETS
811,Yes,Microsoft,Azyxxi,60.533,2,Microsoft Expands Presence in Healthcare IT Industry With Acquisition of Health Intelligence Software Azyxxi
813,Not sure,BETACOM SA,EO NETWORKS SA,8.108000000000004,2,BETACOM SA CONNECTS TO THE EO NETWORKS SA
827,No,,,37.794,2,"EGPI Firecreek, Inc. Subsidiary Terra Telecom Partners with New England-Based Community College"
829,Not a headline,,,12.009,2,Allscripts HIMSS Press Release
832,No,,,1.6969999999999992,2,Zillow Buys Real Estate Listings Creation And Distribution Tool Postlets
842,Not a headline,,,8.19,2,EditMe - Reviews by PC Magazine
846,No,,,41.843,2,SYNETY eyes global expansion with proposed reverse AIM listing
847,No,,,6.073,2,"Pipeline embraces expression, expansion at Innovator of the Year"
848,Yes,Adelman Travel,TravelText,9.197,2,Adelman Travel Announces Partnership with TravelText
852,No,,,11.313,2,Crosslink Names Former Bay Partners GP Eric Chin As Partner
853,No,,,9.649,2,"Internet Brands Buys Two Web Sites, Looks To Future Acquisitions"
862,Not a headline,,,4.261,2,Vacation Home Spring of 2013
863,Yes,"Gamefly, Inc.",Direct2Drive.com,6.375,2,"Gamefly, Inc. acquired Direct2Drive.com"
864,Yes,Hostgator.com LLC,"AptHost Communications USA Ltd (""Apthost"")",15.487999999999996,2,"Rancho Santa Monica Developments entered into an Agreement to sell AptHost Communications USA Ltd (""Apthost"") to Hostgator.com LLC"
870,Yes,CognitiveData,CMS Direct,10.086,2,CognitiveData acquires CMS Direct
873,No,,,15.472,2,Stryker Announces Agreements To Acquire Assets
878,No,,,8.627,2,"Trianz announces Beta release of IPSpace 1.0, a Royalty Management Solution for Intellectual Property Owners in High-Tech and Media Industries"
880,No,,,20.778,2,Equilar's Social Atlas Helps Advisers Lure Wealthy Facebook-Skipping CEOs
881,No,,,6.464,2,TCA's Ralph Mayer Joins Angel Capital Association Board
886,No,,,16.684,2,Yellow Media Sells Vertical Media Publishing Subsidiary For $745 Million In Cash
887,Yes,Boston Scientific,Intelect Medical,10.352,2,Boston Scientific buys Intelect Medical for $60M
891,No,,,10.076,2,"Google Buys Wind Power, First Deal for “Google Energy”"
896,No,,,11.065,2,"Amazon buys screen tech from Samsung, introduces its own currency"
897,Yes,Platinum Equity,CBS Outdoor,8.817,2,Platinum Equity to Buy CBS Outdoor in $225 Mln Deal
899,Yes,NICHE,ChiHealth,6.116,2,Merger of NICHE and ChiHealth
905,Yes,The Pursuant Group,KMA Direct Communications,10.966,2,The Pursuant Group Acquires KMA Direct Communications
907,Yes,Icarus Studios,Zabu Studio,26.673,2,"Under NECA, Developers Icarus Studios, Zabu Studio Announce Merger to Form MFV"
908,No,,,16.213,2,Persistent Systems Recognized as a Top 100 Global Services Provider for 2012
910,Yes,Nokia,OZ Communications,14.711000000000002,2,Nokia to acquire leading consumer email and instant messaging provider OZ Communications
911,Yes,Nstein Technologies,Eurocortex,9.103,2,"Nstein Technologies acquires Eurocortex, a leading web content management software provider"
913,No,,,7.297,2,LindenMobileVentures invests in Lunagames
915,Not a headline,,,4.79,2,Top 50 Article Directories List
919,Yes,Micron,Numonyx,13.475999999999999,2,Micron will acquire memory chip maker Numonyx for $1.27 billion
924,Yes,Quepasa,XtFT,9.478,2,"Quepasa, The Facebook For Latinos, Buys Social Game Developer XtFT For $4 Million"
926,Yes,VCE COALITION,ACADIA,12.856000000000002,2,"VCE COALITION AND ACADIA COMBINED AND RENAMED VCE, THE VIRTUAL COMPUTING  ENVIRONMENT COMPANY"
929,Not sure,,,11.263,2,Carbox boucle une 3�me lev�e aupr�s de Mobivia Groupe
930,Yes,Cisco,NDS,8.501000000000001,2,Updated: Cisco To Buy Interactive TV And Security Specialist NDS In $5B Deal
932,Yes,OutStart,Eedo,7.702,2,OutStart and Eedo Knowledgeware Merge
937,No,,,2.471,2,T-Mobile UK Launches Mobile Phone GPS Navigation with TeleNav
939,Yes,SavATree,DeerTech,6.950000000000001,2,SavATree Acquires BEV Capital-Backed DeerTech
941,No,,,8.615,2,"Counting down to Alibaba, Qunar gives China�s IPO prospects another shot in the arm"
943,Not a headline,,,10.016,2,11 Billion Videos Viewed Online in the U.S. in April 2008
950,Yes,"Filmakers Library, Inc.","Alexander Street Press, LLC",7.588000000000001,2,"Filmakers Library, Inc. Joins Forces with Alexander Street Press, LLC"
952,Yes,Cisco,NDS,8.838999999999999,2,Updated: Cisco To Buy Interactive TV And Security Specialist NDS In $5B Deal
956,No,,,11.94,2,"Transhield Receives $8.3 Million Contract for Protective MRAP Vehicle and Equipment Covers, Making it the Largest Defence Contract in Company's History"
965,No,,,5.908,2,Virya Technologies welcomes Chris Smith - Website design apprentice
967,Not sure,,,8.394,2,Russian ISP Siberian Networks sells 20% ownership to CapMan
970,No,,,10.016,2,"GraphEffect Launches SHIFT.com, Former Facebook Leader Joins Executive Team"
974,Yes,AOL,StudioNow,6.937,2,"AOL Acquires StudioNow For $36.5M, Confirms Departure Of CTO Ted Cahall"
980,No,,,5.445,2,Blekko Bans 1.1 Million Spammy Domains Via New Algorithm
984,Yes,Zayo Bandwidth,Memphis Networx,8.050000000000004,2,Memphis Networx Now Part of Zayo Bandwidth
994,Yes,Havok,Trinigy,10.456,2,Intel’s Havok Acquires 3D Game Engine Provider Trinigy
995,Yes,Omnicity,North Central Communications,9.974,2,Omnicity Acquires North Central Communications and Announces New Board Member
996,Not sure,competing software firm,Softscape,7.049999999999997,2,Softscape acquired by competing software firm
1003,Yes,Electronic Arts,PlayNation,7.832999999999998,2,Electronic Arts Announces Acquisition of PlayNation; Online Entertainment Developer Adds to EA's Internet Content.
1004,Yes,Nuance,BeVocal,8.318999999999999,2,Nuance Closes Acquisition of BeVocal
1007,Not a headline,,,11.562,2,"Follow Reuters      Facebook     Twitter     RSS     YouTube    Pictures Visitors run away from waves from a tidal bore as it surges past a barrier on the banks of Qiantang River, in Hangzhou Zhejiang province, August 25, 2013. REUTERS/Stringer Reuters P"
1008,Not sure,CapMan,Siberian Networks,11.475,2,Russian ISP Siberian Networks sells 20% ownership to CapMan
1009,Yes,Rally Software,6th Sense Analytics,9.068999999999999,2,Rally Software buys NC-based 6th Sense Analytics
1010,Yes,HOV Services,SOURCECORP,6.914000000000001,2,HOV Services and SOURCECORP Agree to Merge
1013,No,,,4.2940000000000005,2,Columbian Announces Ownership Change
1014,No,,,14.468,2,"In The Shadow Of YouTube, Vuclip Grows Its Mobile Video Network To 80M Uniques, Fends Off Suitors And Eyes Up Acquisitions"
1021,Yes,Nuance Communications,QuadraMed's Health Information Management Business,9.648,2,Nuance Communications To Buy QuadraMed's Health Information Management Business
1022,Not a headline,,,13.291,2,Vinnex International Championship 2010
1025,Yes,Ingk Labs,ActiveCause,9.245000000000001,2,ActiveCause Assets Assimilated Into Ingk Labs Portfolio
1028,Not a headline,,,0.9530000000000003,2,Current’s Claims of ‘Profitability’ Ring False
1029,No,,,7.877,2,Boundaryless Brands Sell FastFireplaces and Exits
1031,Yes,GE,Converteam,7.814,2,GE Buys Electrical Engineering Company Converteam For Up To $3.7 Billion
1033,Not a headline,,,6.019,2,stack.horizobu.com - an exploration engine
1040,Not a headline,,,8.649,2,Mortgage closing costs up 6% this year
1043,No,,,11.34,2,"Newly AOL-Free Bebo Adds Hi5, Oodle Executives"
1044,Yes,GREE,App Ant,9.968000000000002,2,"Japan�s GREE Acquires Another U.S. Studio, App Ant, To Build Games For Western Audiences"
1047,Not a headline,,,6.208,2,"Android mobile platform, �up to� $US50 million (estimated)"
1052,No,,,6.201,2,Petsky Prunier Advises SQAD on its Sale to Clarion Capital Partners
1055,Yes,Obopay company,BillMonk,8.982,2,BillMonk is now an Obopay company! Settle up online.
1059,Yes,Biomedical Structures,Concordia,9.264000000000001,2,Biomedical Structures buys fellow Warwick biomaterial firm Concordia
1063,No,,,10.7,2,"DISH Wins Bankruptcy Auction, Buys Blockbuster Assets For $228M In Cash"
1066,Yes,RBC,BlueBay,8.625,2,RBC To Buy BlueBay For US$1.5B
1069,Yes,Google,Zingku,10.530999999999999,2,Google Acquires Mobile Platform Operator Zingku
1070,Yes,SAIC,Spectrum San Diego,12.895,2,SAIC Completes Acquisition of Spectrum San Diego
1071,Yes,Pamet Software,"Hunter Systems Group, Inc.",16.837,2,"Pamet Software Purchases Hunter Systems Group, Inc.'s Consulting Business"
1073,No,,,13.741000000000001,2,ZeniMax Raised $105 Million To Buy Id Software
1077,No,,,10.133,2,Carey Watermark Investors Buys Raleigh Marriott City Center for $89 Mln
1078,No,,,5.378,2,AeroMechanical Services Ltd. Acquires Assets of Wingspeed Corporation
1080,Yes,Three Pillar Global,"Professional Services Division of PointAbout, Inc.",19.314,2,"Three Pillar Global Acquires Professional Services Division of PointAbout, Inc."
1084,Yes,Augure,iMente,9.088999999999999,2,"Augure Acquires iMente, the Spanish Leader in the Online and Social Media Monitoring Industry"
1091,Yes,Flipkart,Letsbuy.com,9.473000000000003,2,Flipkart Acquires Letsbuy.com to Increase India Market Share
1092,Yes,ZeniMax,Id Software,8.14,2,ZeniMax Raised $105 Million To Buy Id Software
1094,No,,,13.887,2,OUCH: AOL Sold Buy.at For Just $17 Million -- A $108 Million Loss
1103,Yes,GEC,Fore Systems,7.869000000000001,2,GEC offers over $4 billion for Fore Systems
1104,Yes,Cybird,Airborne,13.837,2,Japan's Cybird Buys Mobile Entertainment Firm Airborne for $90 Million
1106,Not sure,Dell,Zing,5.4839999999999804,2,Dell Shops Direct For Zing
1109,No,,,10.117,2,Salesforce.com Reported To Buy GoInstant
1116,Yes,Gannett,Belo,8.768999999999998,2,Gannett Buying Belo in $2.2 Billion Deal
1119,Yes,Elsevier,Mendeley,12.052999999999997,2,"Confirmed: Elsevier Has Bought Mendeley For $69M-$100M To Expand Its Open, Social Education Data Efforts"
1120,Not a headline,,,6.171,2,MassHighTech: The Journal of New England Technology
1126,Not sure,,SonicWALL,10.637000000000002,2,SonicWALL Acquired By Private Equity Group For $717M
1127,Yes,,,5.525999999999996,2,InfoSpace sells directory business for $225 million
1128,Yes,Microsoft,PhoneFactor,10.695999999999998,2,Microsoft Acquires PhoneFactor To Keep Hackers From Destroying Your Life
1131,Yes,DiACardio LTD,UltraLinq Healthcare Solutions,8.106000000000002,2,"DiACardio LTD, & UltraLinq Healthcare Solutions Announce Partnership"
1132,Yes,Terremark,,3.3600000000000003,2,Terremark Acquires Leading Data Storage Company
1133,Yes,SCM Microsystems,Hirsch Electronics,6.884,2,SCM Microsystems and Hirsch Electronics to Merge
1136,Not a headline,,,6.7,2,Glu Mobile Expands Real-Money Gambling Portfolio with Probability
1138,Not a headline,,,8.297,2,EnerNOC Q3 revenue jumps on customer growth
1139,No,,,8.116,2,Mitre Media Announces $8.6M Capital Raise and Acquisitions
1142,Not a headline,,,6.974,2,"Joobili almost back from the deadpool, finds buyer for assets with sale to TravelShark"
1146,Yes,The Active Network,Hy-Tek Sports,8.918000000000001,2,The Active Network Acquires Hy-Tek Sports Software
1147,Yes,Levine Leichtman,Genova Diagnostics,7.18,2,"Levine Leichtman Buys Genova Diagnostics From Nautic, Ferrer Freeman"
1148,Not a headline,,,70.629,2,Conker enter Wayra accelerator
1160,No,,,6.564,2,TypeFrag Selects Internap to Deliver High-Performance Network for Online Gaming VoIP
1170,No,,,6.523,2,Founders Of Oweing.Com Launch DebtScore.Com
1172,Not a headline,,,6.075,2,Yahoo Spins Off Blo.gs To Automattic
1175,Yes,PLATO Learning,Thoma Bravo,7.359999999999999,2,PLATO Learning Enters into Merger Agreement with Thoma Bravo
1179,Yes,Haemonetics,"Global Med Technologies, Inc.",9.552999999999999,2,"Haemonetics concludes successful tender for Global Med Technologies, Inc."
1181,No,,,10.434,2,Nuance Communications To Buy QuadraMed's Health Information Management Business
1183,No,,,7.867,2,Music Tech Pioneers Combine to Create Premier Site for Collaboration
1187,Yes,Mobile Messenger,mQube,12.017999999999999,2,Verisign Sells mQube to Mobile Messenger for
1190,No,,,4.255,2,Sina Afra invests in Lidyana
1192,No,,,39.786,2,IBM to buy OpenPages
1194,Not sure,,,21.341,2,Выгода.ру – победитель народного голосования «Выбор потребителей 2011″!
1195,Yes,,Talecris,5.742999999999999,2,Spanish buyer set to take over Talecris
1209,Yes,Kevin,Dynamic Broadband Wireless Assets,10.992,3,KEYON COMPLETES PURCHASE OF DYNAMIC BROADBAND WIRELESS ASSETS
1211,Yes,Microsoft,Health Intelligence Software Azyxxl,13.403,3,Microsoft Expands Presence in Healthcare IT Industry With Acquisition of Health Intelligence Software Azyxxi
1216,Not sure,,,1.7829999999999995,3,Oxford University Hospitals NHS proves outstanding compliance levels with Enterprise Study
1217,No,,,4.414,3,PayPal Hits 100 Million Active Users
1221,No,,,8.964999999999998,3,One year after the acquisition: was it all worth it?
1224,Yes,Bentley,Microprotol,6.511,3,Bentley Acquires Microprotol to Extend AutoPIPE�s Market Leadership in High-pressure Plant Environments
1225,Yes,LibreDigital,E-commerce Tech,9.888000000000002,3,LibreDigital Buys E-Commerce Technology From HarperCollins
1226,No,,,5.634,3,JavaScript with expiration date
1232,Yes,Zillow,Real Estate Listings Creation,9.058,3,Zillow Buys Real Estate Listings Creation And Distribution Tool Postlets
1234,No,,,6.21,3,Upper Deck Social Panel: Today & Tomorrow
1235,Yes,Amgen,KAI Pharma's CKD program,8.213999999999999,3,UPDATED: Amgen snags KAI Pharma's CKD program in $315M buyout
1236,Yes,Netsmart,"Sequest Technologies, Inc",8.321000000000002,3,"Netsmart Acquires Sequest Technologies, Inc. to Expand Solutions and Presence in Child and Family Services and Substance Use Treatment Communities"
1237,Yes,,,4.825000000000001,3,"Univa, United Devices Merge"
1238,Yes,Nuance,QuadraMed's Health Info Management Business,9.062000000000001,3,Nuance Communications To Buy QuadraMed's Health Information Management Business
1239,Not sure,,,5.578,3,Boston's Rue La La gets shuffled in eBay-GSI merger
1241,Yes,DirecTV,Lifeshield,7.157,3,DirecTV Buys LifeShield: Reports
1242,Not a headline,,,2.0300000000000002,3,EditMe - Reviews by PC Magazine
1246,Not sure,,,7.041,3,SYNETY eyes global expansion with proposed reverse AIM listing
1249,Not sure,,,6.259,3,CallSource Appoints Brad Barnett as President
1250,No,,,2.982,3,Gamevil to invest $10M in U.S. game developers
1254,Yes,,,4.72,3,"WDA and [x+1] merge to form a digital marketing company that spans digital display, mobile and social media"
1259,Yes,Hostgator.com LLC,AptHost,11.645999999999999,3,"Rancho Santa Monica Developments entered into an Agreement to sell AptHost Communications USA Ltd (""Apthost"") to Hostgator.com LLC"
1260,Not sure,,,6.219,3,Fenox Venture Capital Invests in Southeast Asian Technology Media Startup Tech in Asia
1262,Not a headline,,,4.966,3,Vacation Home Spring of 2013
1264,Yes,Hostgator.com LLC,AptHost,277.948,3,"Rancho Santa Monica Developments entered into an Agreement to sell AptHost Communications USA Ltd (""Apthost"") to Hostgator.com LLC"
1265,Yes,Odyssey Investment,Fischbein,9.289000000000001,3,Odyssey Investment Partners Buys Fischbein
1268,Not a headline,,,5.684,3,Verisign Sells mQube to Mobile Messenger for
1274,Not a headline,,,7.313,3,Rent My Vacation Home Opens store number 25 Rent My Disney Vacation Home In Orlando Florida
1278,No,,,6.3309999999999995,3,"Trianz announces Beta release of IPSpace 1.0, a Royalty Management Solution for Intellectual Property Owners in High-Tech and Media Industries"
1279,No,,,5.424,3,Mitre Media Announces $8.6M Capital Raise and Acquisitions
1280,No,,,4.195,3,Equilar's Social Atlas Helps Advisers Lure Wealthy Facebook-Skipping CEOs
1282,Yes,Scientific Conservation,Public Company,10.021,3,"Scientific Conservation Buys Public Company For $12.9M, Changes Name"
1286,Yes,,Vertical Media Publishing Subsidiary,22.307000000000002,3,Yellow Media Sells Vertical Media Publishing Subsidiary For $745 Million In Cash
1288,Not sure,,,15.156,3,MethylGene Shareholders Approve the Plan of Arrangement to Reincorporate in the United States as Mirati Therapeutics Inc.
1299,Yes,,,4.138,3,Merger of NICHE and ChiHealth
1303,Not a headline,,,8.853,3,Collective Buying Video Ad Firm Web TV Enterprise
1307,Yes,,,5.318,3,"Under NECA, Developers Icarus Studios, Zabu Studio Announce Merger to Form MFV"
1312,No,,,28.612,3,Saft Awarded $1.2 Million Contract by Ball Aerospace to Provide Lithium-ion Battery for LEO Satellite Program
1314,No,,,4.763,3,Yahoo! Hack India 2013 To Be Held In Hyderabad
1316,Yes,"Mistral Ventures, Inc","Assets of Tech World Capital, Inc",15.837,3,"Mistral Ventures, Inc. Signs LOI to Acquire Assets of Tech World Capital, Inc."
1320,Yes,Kensey Nash,Nerites,9.735,3,Kensey Nash buys Nerites for $20M
1328,Yes,Youku,Tudou,12.634,3,"Youku to buy Tudou, creating China online video giant"
1331,No,,,5.684,3,Amazon spends $250M for Alexa Internet
1335,Yes,Quantcast,Startup MakeGood,10.015,3,Quantcast Acquires Startup MakeGood To Improve Ad Data Aggregation
1342,Yes,SAIC,Atlan,6.783999999999999,3,SAIC announces acquisition of Atlan
1348,Yes,Tweetup,Android Twitter Client Twidroid,9.68,3,TweetUp Buys Android Twitter Client Twidroid And News Aggregator Popurls
1351,Not sure,,,6.32,3,Unity Wireless Closes Acquisition of Celletra Ltd.
1353,Yes,LifeLock,ID Analytics,7.850999999999999,3,LifeLock Strengthens Market Position Through Acquisition of ID Analytics
1354,No,,,10.197,3,TNW Startup Awards revela vencedores
1355,Not a headline,,,3.291,3,Via @AwesomeTouch on Twitter
1358,No,,,8.965,3,"LiveIntent Adds Jason Pressman to Board, Raises $8 millon"
1368,No,,,5.822,3,DFL-DDP Version 1.2 Is Coming Available In Our User-Only Forum
1372,Not a headline,,,4.227,3,Interview w/ Captain Dash Founders
1375,No,,,4.329,3,TNW: SWITZERLAND�S SQUIRRO RAISES SEED FUNDING TO HELP ADD CONTEXT TO YOUR DATA
1376,No,,,5.115,3,TXTImpact Released Enhanced SMS Autoresponder for Text Message Marketing
1381,No,,,4.037,3,Meredith 10-q for Dec 2010
1382,Yes,,,10.529,3,"Bwin- Gioco Digitale acquisition, the CEO reveals details of the agreement by 115 mln"
1384,Not sure,Zayo Bandwidth,Memphis Networx,9.72199999999998,3,Memphis Networx Now Part of Zayo Bandwidth
1386,No,,,6.983,3,Another Digg Exec Is Out: Longtime CFO John Moffett Leaves
1391,Not sure,,,14.951,3,Music Tech Pioneers Combine to Create Premier Site for Collaboration
1397,Yes,,,10.079,3,RelevantView Merges with Imperium
1398,No,,,124.051,3,Software Updates Can't Slow Comm100 Live Chat
1402,Yes,WANdisco,AltoStar,14.702000000000012,3,Big Data Consolidation: WANdisco Buys AltoStor For $5.1M To Beef Up Its Apache Hadoop Cred
1404,Yes,,,5.002,3,Nuance Closes Acquisition of BeVocal
1412,Not a headline,,,3.384,3,product inconsistency (it's a good thing)
1413,No,,,5.005,3,Columbian Announces Ownership Change
1415,No,,,4.211,3,"Ebay Spends More Than $1.2 Billion To Buy BillMeLater And DBA.dk, And Lays Off 10% Of Employees"
1419,Yes,Liberty Global,ASTER,8.11,3,"Liberty Global Buys 100% equity in ASTER, from Mid Europa"
1420,Yes,NEP,Trio Video,12.845999999999997,3,NEP Acquires Trio Video
1421,Not sure,,,6.098,3,Nuance Communications To Buy QuadraMed's Health Information Management Business
1424,No,,,4.468,3,CrowdGather Adds Writers.net to Portfolio of Forum Properties
1431,Yes,GE,Electrical Engineering Company Converteam,11.398,3,GE Buys Electrical Engineering Company Converteam For Up To $3.7 Billion
1434,Yes,Amgen,Nektar's polymer,7.2109999999999985,3,Amgen pays Nektar $50M for polymer
1435,Yes,SourceFire,Immunet,6.7879999999999985,3,Cloud computing heats up as SourceFire pays $21M for Immunet
1436,Not sure,,,10.672,3,UFG PE Part of Three-way Deal to Purchase Rising Star Media
1437,Yes,Talent Technology,Seattle startup TalentSpring,13.399999999999999,3,Talent Technology buys Seattle startup TalentSpring
1439,No,,,6.72,3,"Mobile Vikings celebrates 50,000th customer"
1441,No,,,9.952,3,Nowaco CE Up for Sale by CCMP and Bancroft
1442,Yes,Itron,Asais,5.148999999999999,3,Smart Grid Shopping: Itron Acquires Asais
1443,No,,,6.15,3,"Newly AOL-Free Bebo Adds Hi5, Oodle Executives"
1445,No,,,3.812,3,Former Playfish VP Raises $2.6M from Accel for Stealthy Game Company
1448,Yes,NetMediaEuropeqCBS Interactive's German Sites,,15.725000000000001,3,"NetMediaEurope Buys CBS Interactive�s German Sites, Including ZDNet.de And CNET.de"
1457,No,,,8.943,3,Belgacom Gets a Taste of Jinni
1468,Not sure,,,8.384,3,SAP Will Buy SuccessFactors For $3.4 BillionSAP Will Buy SuccessFactors For $3.4 Billion
1474,Yes,TrustedID,Unsubscribe.com,6.795,3,TrustedID Acquires Unsubscribe.com to Expand Consumer Protection
1479,Not a headline,,,28.271,3,Pipex snaps up web host outfit £5.9m for Donhost
1482,Yes,Sciele Pharma,"Addrenex Pharmaceuticals, Inc",14.163,3,"Sciele Pharma, A Shionogi Company, To Acquire Addrenex Pharmaceuticals, Inc., A U.S. Specialty Pharmaceutical Company"
1484,Yes,Augure,iMente,7.635999999999999,3,"Augure Acquires iMente, the Spanish Leader in the Online and Social Media Monitoring Industry"
1486,Not sure,,,3.816,3,EMC to complete Isilon buyout Tuesday
1498,No,,,4.37,3,NetApp Announces Results for Third Quarter Fiscal Year 2013
1499,Yes,Google,Sketch Up,5.558000000000001,3,Google Buys Sketch Up
1510,Not sure,,,4.568999999999988,3,Baidu to Buy 59% of Renren�s Group-buying Service Nuomi for $160 million
1511,Yes,Experian,CheetahMail,10.727999999999998,3,"Experian Buys CheetahMail, Aims to Boost DM Services"
1512,Yes,M2M Data,Implicit Monitoring Solutions,16.018,3,M2M DATA ACQUIRES IMPLICIT MONITORING SOLUTIONS
1513,Yes,Harman,QNX Software Unit,8.915,3,HARMAN Announces Successful Conclusion of $200M Sale of QNX Software Unit
1517,Yes,Vitalitec,Surgical Device from Novare,12.158,3,Vitalitec buys surgical device from Novare
1521,Not sure,,,5.759,3,Sitemasher sold and winding down... but to whom?
1525,Yes,GlaxoSmithKline,Okairos,6.431000000000001,3,GlaxoSmithKline Acquires Okairos for $325 Million
1527,Yes,,Directory Business,12.571,3,InfoSpace sells directory business for $225 million
1530,Yes,Clicker,www.dahoodbuzz.com,7.452999999999999,3,Clicker Acquires - www.dahoodbuzz.com
1531,Not sure,,,6.255,3,"DiACardio LTD, & UltraLinq Healthcare Solutions Announce Partnership"
1537,Yes,,,12.029,3,Gorkana joins Durrants and Metrica to deliver unique service for the PR industry
1539,No,,,5.028,3,Mitre Media Announces $8.6M Capital Raise and Acquisitions
1541,No,,,4.183,3,"urlShort breaks 1,000 shortened URLs"
1545,No,,,8.501,3,Canadian Meter Company Picks Field Service 360
1550,Yes,Ascent Media Corporation,Monitronics,9.983999999999998,3,Ascent Media Corporation Acquires Monitronics
1552,Not sure,,,7.868000000000001,3,UBM Boost Online PR Business With $10 Million Virtual Press Office Acquisition
1556,Not a headline,,,3.0189999999999997,3,"Goodbye, Cull TV. Hello MOX."
1557,Yes,Freeman,Encore Productions,5.198,3,Freeman Acquires Encore Productions
1559,Yes,DISH,Blockbuster Assets,10.695,3,"DISH Wins Bankruptcy Auction, Buys Blockbuster Assets For $228M In Cash"
1560,Not sure,,,4.353,3,TypeFrag Selects Internap to Deliver High-Performance Network for Online Gaming VoIP
1561,Yes,Bloomberg,Bureau of National Affairs,8.888000000000002,3,Bloomberg Agrees to Buy Bureau of National Affairs for About $990 Million
1564,Yes,Automattic,Thing Labs' Plinky,9.886999999999997,3,Automattic Buys Up Thing Labs’ Plinky To Help Bloggers Overcome Writer’s Block
1565,Yes,Canadian Standards Association,Distil Interactive,10.526,3,Canadian Standards Association Aquires Distil Interactive
1570,Not a headline,,,6.473,3,Founders Of Oweing.Com Launch DebtScore.Com
1571,Yes,Electronic Arts,Vision Software PTY Ltd.,9.975,3,Electronic Arts Acquires Vision Software PTY Ltd.
1575,Yes,,,5.152,3,PLATO Learning Enters into Merger Agreement with Thoma Bravo
1576,Yes,Odyssey Investment Partners,Fischbein,11.271999999999998,3,Odyssey Investment Partners Buys Fischbein
1577,No,,,8.782,3,"Company Preparing to Launch ""ubroadcast TV,"" an Online Video Community"
1580,Yes,Google,Sketch Up,4.151,3,Google Buys Sketch Up
1584,Yes,ABB,Mincom,4.690999999999999,3,"ABB Buys Another One: MIncom, for Managing Mines"
1586,Yes,Filogix,Cyence International Inc,7.7860000000000005,3,Filogix To Acquire Cyence International Inc.
1589,Yes,Praxair,Dominion Gas,14.198,3,Praxair Acquires Dominion Gas
1596,Yes,Investcorp,30% stake in leading Turkish menswear retailer orka group,18.23,3,Investcorp Buys 30% Stake In Leading Turkish Menswear Retailer Orka Group
1597,Yes,PSS,INSI,4.0569999999999995,3,"Preferred Systems Solutions, Inc. (PSS), announced today that it has acquired Integrated Network Services, Inc. (INSI)"
